{"pos": [[175.1203966466233, 113.19311910518232], [361.4026515597042, 219.79013305380425], [165.69947897882554, 189.3113096462505], [94.11181460862221, 242.3873190029485], [35.86607604221079, 208.21678812078784], [175.8678490127373, 175.77388358975838], [250.94912430705213, 102.20980473046299], [393.0798557105829, 99.69012093575822], [331.70190944457164, 105.99153736842202], [296.2953148478791, 25.571810835526943], [281.1238032512059, 122.31470680590992], [81.20609253042755, 57.94430593974487]], "angles": [3.525966784755504, 5.748274200291577, 1.4460342114553888, 2.2258214061257857, 3.824739817163968, 0.18112611324128863, 5.44494120118202, 2.28888043560184, 0.9292641242140997, 3.786756531204819, 5.451614987287371, 4.636900752895263]}