{"pos": [[186.64239010144536, 132.57975542516576], [90.26768423721443, 83.03749673342374], [285.09855207285227, 190.7167404072727], [229.2062410541939, 90.50312808104775], [124.9471805578306, 171.96312038352724], [175.30861437905057, 60.66179661158536], [84.88666823691509, 237.33380201841393], [274.6523872822878, 59.49363345866155], [53.069827542864125, 165.06856803400845], [62.58998967669227, 135.03882999015408], [106.17587575796914, 28.331441827841942], [85.75346305628771, 7.592919201200146]], "angles": [2.869209801755962, 3.5630145509019826, 0.3433865634328282, 5.20034176885708, 5.753232761906019, 2.1622978265165584, 2.32871393136863, 3.52612285292529, 2.424228001918634, 5.013818242973695, 0.5350592373740958, 2.849864671447076]}