{"pos": [[248.25292574152704, 170.19824777200225], [262.8868248820643, 61.911016687181046], [268.169060055157, 101.28764793453571], [191.39553846254944, 37.37031455644407], [173.21773260194905, 158.22554511579253], [170.87233081894212, 180.96078870898157], [90.72718228656392, 215.77455665039858], [188.59751529815983, 91.88359709422092], [125.75775349221296, 159.76492218500084], [63.30638059449792, 113.16036161175624], [37.50850935485348, 178.43366236670312], [199.7132039121607, 208.56888528218212]], "angles": [4.868336055340984, 5.6113991002292, 3.8433670786194143, 3.911712490421595, 3.9450347200058875, 3.4315846167266035, 4.816426809626215, 0.6822769295867821, 2.4096684580003083, 4.713021573239607, 0.9946652677118129, 2.8502539143067533]}