{"pos": [[248.88142407502824, 93.54677509470275], [301.01030902093146, 238.1490965722869], [256.7751779581969, 208.9700451992047], [159.96954033220342, 144.59102961764128], [65.67417657433663, 48.26056384834529], [394.6672621215342, 63.096344191758334], [227.78701549010916, 149.44933896160734], [254.21869725294886, 25.19828141124936], [316.5035741822407, 20.970188697298262], [117.45085184405738, 194.56418233457737], [35.154919556058914, 45.18252383082089], [350.5177952427817, 151.21555546028992]], "angles": [3.8472127072309457, 1.263383742989271, 0.7762874815275722, 4.7529931691091125, 5.192002229127869, 6.234941641331322, 1.8605352352422413, 3.4730154199221173, 3.766532583575563, 1.8057312271682286, 2.2029106145849444, 0.5406771007898935]}