{"pos": [[250.88750339843114, 134.24339932670094], [379.8367572141209, 118.14598418895635], [67.9066850155206, 167.8639979565073], [38.37072849972566, 241.6742446866744], [256.1650906451571, 193.11118526254137], [257.3033492611836, 62.13916505095913], [279.96856266423055, 175.91859625364796], [96.52115299431487, 215.10186537083158], [197.4495963208505, 129.3146991916193], [367.4112178676842, 43.15079461270832], [335.0651461337105, 224.65573776034546], [361.9273034341128, 82.95465557228675]], "angles": [4.833060664363112, 1.6145454001097068, 1.8554003988204404, 5.754878999226832, 5.575398437628402, 1.235467686674988, 1.4760799736675279, 3.3680600875193676, 2.9397438727203387, 4.738706387734829, 4.801318014617767, 3.9389029470071124]}