{"pos": [[141.60007091714522, 102.78957315063464], [267.764227699292, 75.29143903068083], [215.1845559555004, 88.73766456758057], [147.03207601054487, 98.87539219042846], [230.62531837308174, 127.11520874682479], [107.79587949393665, 229.97409978009478], [64.90902622210913, 25.30558361412966], [178.20796481893757, 173.18125828303044], [186.48269074289934, 27.943383159088462], [262.32656888180793, 197.8353069695003], [167.2349235015298, 212.51861079347262], [203.8259827622876, 213.6106770685582]], "angles": [3.7410040834993348, 0.24504097683671103, 5.172964252458914, 1.3250743245041257, 1.6826927327133674, 5.192979778717778, 2.42067304731747, 3.0695533615145414, 5.429633944446464, 4.641977625671398, 0.8129424128932208, 4.350843449367884]}