{"pos": [[90.6107355931298, 104.79866529604993], [256.0354561254965, 117.9845220675589], [344.34031677662523, 132.5947751361714], [172.00515948237762, 175.8228371712378], [212.36086029064526, 247.207001528803], [329.9935430053891, 88.59449158355451], [299.6631611852886, 12.649149366927187], [326.56602614241353, 139.44319786317897], [214.4960054176088, 19.707294499242998], [106.73867658127043, 110.92334578730186], [203.51051876438038, 240.76826717229167], [89.80881321244676, 90.74177406299587]], "angles": [5.367527794989057, 0.6562811596508379, 4.1950463313466315, 4.690091155503214, 0.02361124107565034, 3.621614958027357, 4.960761192309043, 3.452994884830565, 2.488579651542894, 0.5794455113321902, 0.9510280100105155, 4.3939635231593215]}