{"pos": [[245.2430570417389, 161.6302187458393], [260.7635395607009, 96.85696943129092], [231.12286192882365, 156.5056475780282], [134.4218163283587, 119.13036828590863], [161.59175362680466, 62.26756417344864], [268.0292271641281, 69.3743238313948], [201.5163050582551, 28.37959301619833], [208.59704781957274, 154.21525765631128], [38.96385270391535, 40.78205506553758], [269.05771873334993, 237.38605505581438], [289.6197456810845, 20.725549171805014], [84.80214223670083, 125.9629660017374]], "angles": [4.66481206566886, 1.4504687221072237, 1.5755543951418811, 0.4063600373274645, 5.0215673777019125, 5.586279232042292, 5.873178424378847, 1.5582636168222566, 1.1324601471992446, 0.10656299449051057, 3.1531079201755645, 1.7667407368135686]}