{"pos": [[209.54018448364207, 168.9457255747993], [124.40219109617459, 35.330024820173406], [37.23537849557951, 76.67360013392651], [226.02570673318723, 158.63808470050995], [36.998832107838325, 196.54805241879228], [24.964235526690103, 211.16328273554302], [105.18752867283598, 231.62487573596977], [134.1053267608076, 141.0220226984707], [240.3953320350298, 156.99729130690184], [114.65766252362828, 81.15998203476981], [98.75551860202759, 206.04215626723226], [119.98076461675305, 242.55299634416193]], "angles": [5.9967602687364066, 3.2658012693301566, 1.0681325766568435, 2.846265492420816, 5.493932778702003, 0.9200315599641524, 0.8625033301763395, 3.3630267614786358, 4.420048117087749, 2.819133081350429, 2.0829019090986893, 2.6571776575288077]}