{"pos": [[331.62064136167714, 209.98974637267182], [298.8220580294977, 102.41348268317932], [352.29272493478504, 120.85369976886365], [214.83372759748755, 76.29311964427997], [294.88542616728535, 142.631206812331], [236.00613603289418, 137.9704476633601], [64.66814038030662, 253.2193973961769], [281.81175748167533, 194.964362001112], [234.1471180378191, 59.067444515900064], [328.200414710368, 115.35528453255276], [357.56078965348144, 115.81209341513242], [330.7049414497534, 181.82389203230346]], "angles": [1.7354810643418312, 4.244254549483171, 2.8874106180932158, 2.568929952997469, 4.547642580621762, 4.214138738761557, 3.5534509600193007, 6.0286910103619995, 5.9662760094159655, 3.1179825568857384, 4.3495154790433475, 4.587979748780882]}