{"pos": [[228.16160324540994, 111.20461621578602], [101.78467294475423, 201.83814520943696], [232.37484447257793, 106.65548945162237], [209.661988895925, 215.40379628469182], [76.98646620372926, 109.54352563890663], [107.00380575401536, 136.9911680256007], [176.82728235618188, 212.65223928286304], [194.19758492719882, 76.2910641552755], [302.0147411369502, 208.104230693271], [258.03076257740815, 89.35097607417667], [169.77839877845065, 94.78824184050615], [110.21533506655982, 32.38660693445733]], "angles": [2.1646621624640154, 1.6624740001939948, 4.761747492793421, 3.696740241739953, 4.4229277407746705, 4.367548464409806, 5.316388507120598, 0.7880801128606447, 4.691066817882206, 4.233372151922971, 1.2404509436143187, 5.117778533043917]}