{"pos": [[115.5653182994656, 120.8340497765345], [222.89983018629587, 210.0875902653869], [192.17260656750858, 227.5182457504425], [44.963072926756055, 187.92031603459913], [166.30978949440373, 176.48545084767818], [72.26195433349615, 220.08053003842397], [353.00387306652715, 211.14539080590245], [104.12857966417947, 214.9391285340427], [186.16271382913794, 245.89173659557017], [297.87484392702345, 86.78857442464847], [94.66038233541201, 247.38494231035318], [294.9259417536722, 70.11944578005372]], "angles": [1.6891728598416729, 3.35000012414257, 0.717802710982993, 0.3131691211158142, 4.705780894739116, 0.36126241696296035, 2.0428531442949462, 4.886993260803534, 4.468341292392482, 2.5314853285557337, 3.7233927156604523, 4.674394815515203]}