{"pos": [[244.20506456211567, 179.95295154708703], [37.55238403519543, 182.67447964826636], [185.82736799429236, 98.03123627329248], [309.3718527756482, 85.09837358204982], [367.70523548596896, 223.986078093517], [123.44980344093575, 54.487629248337804], [124.84119528122439, 99.71984721758605], [144.14453831953307, 110.31137912299955], [140.35559744363016, 263.5544629037374], [86.78557651393723, 211.83691180808592], [316.7334795484058, 49.74010871771869], [395.58976389738325, 82.18070409899813]], "angles": [3.368299422194969, 5.343783654262588, 2.0066359048786, 1.45032819386755, 4.568303773724311, 5.070781036375876, 3.203844359475306, 2.4369862763941534, 0.237908194993005, 0.8546780382534531, 0.17763499275053352, 2.442510754234525]}