{"pos": [[227.88871508998236, 131.64618929378997], [194.63064631047996, 170.60558921347314], [246.13639481678393, 146.87485790950498], [113.48324679844984, 178.37344518735895], [202.7378667368888, 158.27851239445047], [188.99083781838283, 100.34299590982707], [259.9260334678098, 228.15201299545458], [150.26083322979534, 119.57749079291978], [59.27876203234705, 157.7793199295596], [282.687846045258, 164.51129210474383], [103.45979504537709, 54.814313646950396], [38.98049714645367, 19.961117317396003]], "angles": [6.0094474307055625, 5.335702870770892, 3.786981341960641, 3.7797280594546874, 4.41040482873687, 4.634896904412857, 0.35683713309563536, 2.3378521846005227, 0.06867986868861305, 0.05528106415377581, 4.392960892037319, 0.5194034580228329]}