{"pos": [[177.4890017743583, 156.90198610972223], [118.10062915880722, 181.8684852496121], [159.62582378512224, 81.19612067363695], [109.99361137085434, 112.85678590667023], [20.532670464276606, 59.88235014291309], [79.84190576396932, 40.328509649422614], [236.81531130482435, 99.91824858985208], [258.96662402930326, 10.393422154992715], [150.59598434045017, 122.773976842961], [230.0467271331185, 217.78602126451827], [302.0006731356639, 39.17905207833718], [47.91417052546769, 61.35866108035415]], "angles": [3.172768764326166, 5.504743343945397, 5.712899170120055, 1.9150274349783756, 5.2799751891924345, 3.9655619407615563, 2.493424314265546, 5.502036047879601, 0.280663156181933, 1.5756067290193718, 3.473847097624354, 5.509039490467255]}