{"pos": [[230.41047840105182, 101.26162780563348], [261.419150762273, 195.71900606077267], [55.81206391493188, 129.44777263085177], [85.4063102138197, 137.41014072199624], [96.19057174521933, 230.91291666277763], [277.6473480746241, 168.6693066304903], [296.6699853882019, 131.2461943652334], [307.3317413440875, 241.85827911112253], [307.0739529557531, 251.5973079916211], [187.28649625487182, 99.00108923438088], [391.93516652301696, 151.84883839678133], [392.25243729022213, 96.36663699627529]], "angles": [3.3766481858271558, 0.9817456749122602, 3.6885298779223414, 5.293094564574258, 4.37070714666014, 5.02492560080024, 4.199222241850731, 5.592222607541413, 5.045396648464119, 4.448450760840533, 0.5613765336974882, 4.169404839420682]}