{"pos": [[325.420253906969, 170.34058848814146], [155.39557646171917, 67.52714285253435], [43.98734742261374, 96.71929290354711], [332.99990664562756, 87.61065475466908], [361.5498452031628, 227.2797519441356], [302.48668106773175, 86.32039997258711], [139.28171093288313, 40.755047219401476], [163.77393412207823, 35.553997528663814], [113.14988773678115, 160.25269417983114], [96.88086569379645, 191.57998010342453], [69.2044547132021, 11.350774876591458], [44.03003059912832, 94.4320466152025]], "angles": [4.2084585188240595, 4.756961406391458, 2.57111910965956, 2.417224108435309, 2.927700568894938, 5.818771101046178, 6.082225425676889, 0.759849459069525, 2.0888244384701844, 0.2618590120610468, 0.7726303730989613, 1.5622465442069697]}