{"pos": [[203.8637280797991, 150.97765547987296], [37.536842195219755, 35.15878072682087], [212.1586301510437, 83.58754215117457], [168.2266279231237, 137.09016530094965], [214.13771065497383, 228.49744340509739], [202.85404332670757, 42.51926582649504], [74.57245621472921, 68.64428835102709], [273.1905250587261, 147.6815242519677], [158.16184830987575, 55.25297814198583], [52.6790438514181, 47.689721023750266], [21.967486349770944, 149.42847448234693], [278.37598066500175, 22.870091679115443]], "angles": [2.48639113497429, 0.26124942639454807, 4.928631643022638, 1.622947190596551, 0.9532582310964242, 4.236908963869223, 1.0377403658274273, 4.144731368063527, 0.682149776695759, 4.3888328617155405, 2.8176787518038795, 4.921739284404643]}