{"pos": [[217.51842519703797, 88.48460148185053], [277.23888154139655, 146.98986324343792], [25.84125915792614, 63.50928287026608], [202.1785478747769, 167.85456433894504], [292.78790272723194, 210.79934005076095], [297.9445790632801, 207.93556154451875], [253.5299014617158, 107.29620905668443], [126.66845577613272, 209.2697130838208], [94.73838268617257, 98.56928408235319], [116.4344428625309, 208.69861005945484], [265.3197669967779, 33.4128864225711], [43.59449382146168, 73.4833979287059]], "angles": [0.13135607888291267, 4.78281538334494, 1.725131616105864, 0.529512666298035, 0.8278244860729425, 5.629653874536845, 0.4451087044291569, 4.261097850819209, 4.7826535824500604, 0.048312832640516196, 3.1176827806825678, 2.46202181728414]}