{"pos": [[328.93696984502867, 169.02364797740273], [295.944357269316, 38.348604257436484], [205.0528233826908, 122.51526738653916], [384.4854214690692, 204.81312144101105], [33.72792544727554, 26.8454451639783], [292.3875843321955, 187.4578351711875], [274.06566753741515, 64.0928053326689], [308.8672795033391, 237.08515311839037], [291.1466120293157, 93.71470982479302], [401.27799045995147, 258.8631247809583], [106.20266740835751, 245.50095761280653], [128.50245000017003, 185.45451612261607]], "angles": [3.447397868417866, 1.4570725333375947, 4.912950231786215, 5.4756721664224015, 0.8436978822881418, 2.416351201792781, 0.18502273180698264, 0.9535707468511367, 4.049438524737562, 3.5918637753086924, 6.076422184800089, 5.451136890610419]}