{"pos": [[133.6249450725513, 184.6281500000195], [144.12569749213156, 96.98173667673863], [161.04318736265768, 85.27078597724051], [127.97170122747923, 179.832378362999], [289.8335523525036, 123.1180376701161], [321.04702811140385, 128.56631095485767], [304.96456916350445, 104.68882343029094], [290.75563285919907, 133.01189025949947], [366.3924934490675, 172.18237059106883], [78.20588940895136, 96.94032613345425], [142.40740042591233, 116.08426305772669], [204.6609227470134, 197.9801512499688]], "angles": [2.9627171172451026, 6.15999970600259, 1.4994138246091857, 1.826040711657181, 5.171624737772791, 0.7401249877376229, 4.459109025723954, 5.1930543953711, 5.562283951543149, 4.697491850717197, 0.3972375990624458, 2.0693415823253933]}