{"pos": [[150.22502069661226, 132.71398011901098], [227.94725231832265, 55.213464757675794], [213.78041319225588, 137.28999265313635], [270.08159302391323, 127.33886574301627], [267.7716639516779, 96.3384762808935], [105.10977545017379, 77.6727846789984], [119.01513187531667, 235.42113160512898], [298.91482233219483, 116.15813288516168], [203.8058844255509, 64.82605557423821], [111.90134627197543, 151.41157063236378], [182.38263236520953, 115.31649593394003], [217.1169879186148, 95.2468902130278]], "angles": [2.9110447094589835, 2.805271064064621, 4.170116218379782, 0.9193165479452394, 5.86348531208937, 5.137991498251896, 2.967382055415883, 3.808203575645348, 3.2262805793415845, 2.2886629960577793, 5.456015212544104, 1.208545945642418]}