{"pos": [[262.78808392496893, 160.52128578561747], [200.02563919720546, 187.01143745203848], [198.38633621212853, 102.90332309842863], [351.7876399239146, 178.02170795872658], [45.953990552515904, 161.26795814132686], [307.4439956314659, 93.72826140126072], [300.4947201953618, 153.70717354698996], [252.1119193712566, 115.31424152515396], [15.644094553508614, 39.589955692339984], [87.9692300666492, 29.328886784575932], [302.8682848821665, 81.4264111666236], [177.79396152375287, 181.5572384780451]], "angles": [4.487397301098657, 5.749029503789946, 1.6885486895634478, 4.036969022481424, 1.0721676754283511, 1.6260657512980132, 5.9143284326141545, 2.0875769742274604, 4.871801014967852, 0.7237565797576532, 2.756400361651358, 2.51055222124972]}