{"pos": [[153.80437159591256, 167.85660558546547], [83.78818755813057, 144.2788492116182], [279.3200672422296, 183.5387137822055], [129.27662208500732, 175.01491303934054], [211.29006917746648, 187.37840866635804], [132.06426688517126, 204.30140411721965], [236.59779350902483, 140.07464059757652], [49.62580641105259, 123.20834805761731], [111.1485731190071, 88.21002529994863], [112.80780221679626, 140.52833117393635], [56.44011040261775, 205.73383868346403], [245.18305428603554, 208.13621878724103]], "angles": [5.023153349747213, 3.2924414593120406, 0.23632991197142342, 4.5947592486953335, 2.9323905024184445, 0.6953113925335133, 5.784678789308442, 3.2581705624605495, 6.016925241924892, 2.4827682738507404, 4.649586754810235, 2.0563875320650062]}