{"pos": [[304.28260417769354, 99.22499197677504], [226.52830350750494, 35.14755962966285], [186.29493011066987, 212.07370102933513], [122.81668182931031, 76.75763962887869], [357.95465212746245, 217.60752569194338], [325.23706384628366, 59.893412906429546], [307.661130056767, 205.1125287012259], [53.717435361432166, 134.7659977081936], [334.35098999251755, 121.99658875840734], [153.72136861259125, 204.0303436674007], [212.69668082483872, 188.20550333245532], [32.74788686326247, 233.9383005256606]], "angles": [4.312535582791207, 1.248592199924098, 0.2767048430949009, 0.7908765317010119, 3.8427861720386205, 5.080851745018059, 4.611915207793568, 3.339685944477396, 0.01292798298811349, 1.6380089249309482, 4.753804995996936, 5.371773737421722]}