{"pos": [[110.7955049747348, 137.540161309337], [112.3035298891552, 173.58614533345576], [230.61789022001494, 124.45014055628945], [202.29818160339605, 104.35187153051542], [172.54316918654803, 30.16788518256753], [280.30780102468486, 155.79652686783058], [63.65119625673334, 78.84920582448906], [240.19101479099587, 202.8838800278924], [245.74445680011178, 200.0930944086265], [118.97535762035476, 44.824591281418236], [38.97383510039966, 132.504684122838], [307.4893880334527, 95.3145832801724]], "angles": [0.544737524079011, 1.8722644766380514, 3.9999259648666188, 2.9539358556863466, 0.7612664960221281, 5.963061302855647, 5.441597913392071, 6.107812104665525, 1.3006431170380948, 2.754945871051651, 6.043138370433681, 5.826844332673235]}