{"pos": [[299.1699192200714, 76.25138534885579], [89.94456314145044, 73.97154635730274], [200.2166256911945, 74.9162990843097], [253.58640885381394, 67.97210228779724], [370.92243251392756, 192.09300372930983], [290.45696246953185, 58.70445425384986], [315.8155151339642, 188.47365532997924], [239.25821569402663, 12.505601932286059], [137.31140389500734, 42.449924136410644], [358.14238741847, 77.34007048604307], [197.80887975383484, 76.06036715252493], [139.89263993979196, 48.32437937414369]], "angles": [2.8199133531844516, 2.8607641375684274, 3.3894702053335046, 0.03130059018276128, 4.5964967471303515, 3.9603444970616577, 5.8310333501881155, 1.416317235534007, 0.09934701171991733, 0.6953692804619808, 0.748754085633231, 4.22386545939786]}