{"pos": [[194.21940393326884, 144.4648933180933], [231.64060982255438, 175.32116689786318], [101.45612863693968, 52.268406168536465], [172.5187428125322, 177.3372785906217], [293.3568574691913, 221.64056665734336], [33.192908738508216, 182.95836717635592], [53.463607223471186, 80.38337814652763], [146.4635463238489, 19.095173992399587], [15.472542882863785, 13.506915618927055], [15.139888039161958, 97.43159405118965], [29.385599196407778, 146.51317113636543], [89.64567859020741, 111.47305338298317]], "angles": [4.702255325612634, 1.7195946890275238, 3.458436691604773, 3.6448351605018368, 1.6375530667314335, 3.518078684475009, 3.294902583006214, 1.3170882643959718, 5.171134888584517, 1.28890585491503, 5.604752263517237, 1.753976514525444]}