{"pos": [[248.7665136087334, 140.49012997419317], [143.94489615150627, 86.97135198304258], [65.18948701355448, 82.76640964340737], [60.84741013184953, 138.07960970796233], [143.76996359057804, 133.08944193447354], [199.68230139392273, 164.56536958547863], [85.89477566287101, 71.00247517688834], [227.81138899896672, 88.32463275027968], [308.63000891950736, 171.17630978980353], [32.82124005729376, 159.87916026317353], [101.90651486309615, 18.95435352583999], [234.7395490189642, 251.26724771975626]], "angles": [0.02166279747620266, 2.385602410289927, 0.6319458971466221, 1.789252363342756, 4.264547507936921, 0.6681632596715632, 2.089624593529332, 4.154544460690698, 4.2750515160484595, 1.3062813815888623, 6.236125779973277, 3.190864682277765]}