{"pos": [[99.47450945035473, 147.61992501890245], [70.40900204956239, 204.67677705874658], [278.7873562177313, 93.30062834870274], [155.59248175116517, 182.0007085989464], [232.39293402739776, 137.09203651505896], [210.81794034539516, 120.77272694252026], [255.71655251620484, 42.804152249304586], [208.3230526554151, 88.73647567922754], [41.98790056517, 44.6670143905653], [263.8627556862809, 59.06520781950132], [265.80780043832755, 181.71954737910912], [41.90206212862177, 107.73082830703898]], "angles": [1.0356606995465365, 2.475421082364279, 4.7711573817510455, 2.2842932943693484, 3.541128601779109, 0.3617528140911578, 5.508231682780488, 5.319611649815361, 5.540055282219098, 0.24015922873975418, 1.3161334130612654, 5.050959717005689]}