{"pos": [[187.73158726581613, 155.04709805963998], [115.72674820993986, 121.57217494705034], [184.66878756804937, 102.52030273386826], [236.30053615733266, 141.173447205694], [57.159122111633565, 221.68406931757409], [322.8640294641555, 158.50024575689545], [353.72115066223074, 44.999842906342856], [362.7160676017554, 54.88226154571457], [402.2135428842475, 125.41207486177856], [218.96243464214038, 110.41841451941434], [90.95882718657714, 65.8237085890824], [385.8806513145582, 98.80850137181032]], "angles": [2.2870323378446105, 0.5164208655593211, 5.462927273372106, 2.744702121267036, 0.7648285785137626, 2.505127745055979, 0.9034616540190696, 0.08701298006399848, 4.896730110175676, 0.9272547622505302, 1.552642102163182, 5.577791559552572]}