{"pos": [[120.45977838894594, 131.10515927252806], [223.16428665570487, 36.04852483417936], [257.03949846916805, 203.5823749607484], [253.69363473518396, 111.37043955983064], [73.89852337388336, 110.1195243114115], [85.66772322768767, 164.6799363816513], [118.79113998991899, 210.16949683276874], [178.05622133783868, 35.2458056250499], [298.28764075121666, 132.60468407837945], [187.58462862190754, 48.4300350009597], [269.5104703566957, 166.64462468438228], [269.5703148389093, 145.20699310879684]], "angles": [6.188812960796019, 2.538654967899572, 4.260012333308261, 6.210249805159743, 1.3539055213617626, 3.8741292027393532, 0.8314320062943711, 1.9010026550599064, 2.2496997074214953, 0.8113709848497763, 0.4190838348408645, 3.767842768342517]}