{"pos": [[155.7720198083016, 151.89841877163536], [188.63389164967748, 116.36220331987477], [181.14299633346863, 119.20365613593647], [54.916061918617594, 172.45123923806503], [125.73795855442734, 225.54868374102742], [134.90151555764498, 24.474308446942153], [84.10404374747722, 19.551203583522785], [396.1099306788967, 147.03787196707228], [48.25497736056915, 45.92453497542618], [85.42542989917473, 128.21752346917873], [234.59375735074934, 52.301465728070355], [199.06283320814143, 176.92841114312193]], "angles": [2.2848567786966045, 5.53544663173468, 1.885356596518356, 0.18715827993609993, 4.628838340426489, 5.383613286828714, 0.39876578688910597, 4.088158839503365, 0.25575031477869653, 0.7848109601504498, 3.710382582200714, 4.6306953732339595]}