{"pos": [[147.65268389025886, 125.91068778661958], [285.06931634934244, 90.3912237560761], [92.41037132242334, 95.38710814057467], [166.6560544344287, 159.91141731267746], [194.61260282531197, 20.734784407403893], [102.33364537092292, 99.91518914784776], [125.4585122585076, 21.114464822254753], [292.25340586518263, 171.06585511145633], [123.1432389847688, 34.993861377281014], [213.4975766531373, 53.66191387416102], [209.96733650579083, 107.5264541433816], [164.54296072940687, 101.63065982730369]], "angles": [2.1732918451834062, 2.773041511267263, 0.6331432649339722, 3.2519907888679183, 3.567381315984625, 3.5327944411766152, 4.612191765095696, 5.79381468045394, 3.820616874118802, 1.8032088609253984, 0.026757984581332515, 4.024189072568419]}