{"pos": [[228.0617889443319, 91.86613134417567], [218.23308996551873, 61.48331640322486], [57.94087968484702, 145.78390697074008], [288.71786626541217, 141.17466416239563], [134.67519925624725, 180.0032116287928], [216.74628210323388, 61.85697915210993], [134.35190421454095, 50.2778688147145], [275.6845216021801, 21.7637395997374], [148.16591869302448, 80.49231323221719], [208.97591300182845, 37.50480898927949], [142.1653939681821, 240.86646339798483], [79.19096594759476, 176.40470472071823]], "angles": [4.625710405160068, 2.2812727937785744, 4.392420626953066, 3.2716046436076933, 2.993174493060033, 2.0421516605781984, 0.01784030500733504, 1.2048416500391053, 3.297461156679913, 3.0480649732008276, 1.4600188977433635, 2.2969090196623623]}