{"pos": [[147.6977754905011, 100.08468038793049], [292.0799012419606, 50.94728293059981], [32.062584586515115, 172.16771419229806], [210.43984200570193, 70.26044817274447], [142.35111070881425, 211.01596876613186], [269.2531902821655, 222.0867004684446], [63.34991457909014, 127.43302578881347], [389.7170123650923, 62.54613072500038], [28.29810497374568, 50.18081675934872], [22.465001752846838, 269.11617962382326], [77.70424727843954, 243.87598378765307], [402.3697945732359, 99.19710767521634]], "angles": [0.12098075188100404, 4.245179498907845, 3.8203968145445915, 5.465484645894594, 3.184136516320385, 1.0125640918059382, 3.767992351845384, 4.582803488004414, 4.82629588944789, 4.085530011731269, 4.9642120929228595, 3.3824486614796436]}