{"pos": [[126.89370996360203, 182.96304724842332], [216.89501115159447, 114.29895467723355], [270.9407356571423, 74.14917953381197], [45.86948722305898, 159.1251675844801], [330.085887166463, 67.37610761585682], [211.90238525340678, 75.72231822553462], [66.45842810552062, 139.16409532703534], [286.7423111361493, 192.0796472602218], [167.4754672840435, 69.06507397648745], [225.39850124997471, 61.08006845475234], [230.34124379105336, 192.4376815795704], [100.67388819619043, 151.8299451385503]], "angles": [1.70353096222967, 5.83357565928839, 1.2009389376030013, 0.04535337658627345, 2.9250265899832715, 3.391941739484615, 1.126125728157082, 3.900509008339886, 2.1251985272779312, 6.242676036364268, 3.648821335652349, 1.3431170084262418]}