{"pos": [[194.05131052649574, 79.10683561320573], [69.09143882642843, 70.97761038092636], [257.2364873234445, 153.5932017690863], [117.03422605491491, 185.08339864076922], [164.4604960415329, 108.37114843303998], [227.754047948834, 51.259793630490094], [155.4251866908039, 217.57259400797966], [96.90607359090016, 228.8133154979265], [68.97649636671542, 77.33174106856534], [193.33377106967268, 175.69444869813088], [112.37175395281402, 74.54151069620819], [31.686549740990515, 190.6401142668345]], "angles": [0.8723145774515639, 1.037817272715927, 4.363131784364078, 1.3366075622359208, 4.312738694020253, 2.787611583322181, 3.4771554707472507, 1.6867791650084119, 0.5257443283992327, 3.7854840684603084, 4.740622866381805, 2.5544287616870585]}