{"pos": [[219.9255327982294, 160.947206461137], [171.13113245305436, 45.75687612590866], [258.3756510291121, 55.90044741049928], [156.63768640864836, 132.85027181813797], [146.6362520179173, 215.9580529608211], [215.49008000359754, 83.55551040575568], [234.40556841889162, 105.12034284244108], [286.7311826308828, 225.83273964536397], [182.72411943667652, 86.94643920509105], [120.85742217198015, 225.11267290736714], [63.46695038391946, 193.17183539225547], [300.2158727304624, 200.2091868527857]], "angles": [3.7444851826512293, 0.5762191972725397, 1.1113282253557215, 0.12946794712497542, 6.076336976270399, 3.131781574008262, 0.14792308275270943, 0.25273503540057707, 3.125497278336751, 2.406232312802731, 4.702261116726351, 1.1162319202719317]}