{"pos": [[249.33281038541529, 86.98795217356414], [382.8439259164835, 218.321088028207], [181.01788416100104, 212.56351421245705], [154.16154951311722, 229.1020945189266], [124.38909235923246, 228.9694466943432], [84.07232386917349, 225.18978346127048], [276.7983132561384, 100.71606587743761], [162.4511906741631, 64.90999938455724], [232.93708451903393, 236.01911291958865], [133.30962257370777, 172.01734726049247], [154.41826579304652, 216.34231051218927], [281.4224187203143, 110.11766149235672]], "angles": [5.392067385666382, 2.3585322292103132, 4.5353615055670655, 5.672478907417684, 1.7028764835438928, 1.1808454003468776, 4.572898202455079, 4.484561454795348, 5.758273994895018, 5.575053141033721, 1.1194640336978492, 0.03692546881456207]}