{"pos": [[310.83143157017497, 107.77090874066445], [34.1100657196353, 108.95067087229485], [366.86230955387066, 164.89872270383074], [204.14259504713618, 42.21197679873336], [280.6977284073665, 179.89260704972466], [95.7525669704998, 210.19428672556674], [202.9411104627815, 66.51389929635877], [300.9252522771479, 161.06159817269642], [101.69570349118659, 95.96872037651997], [285.17521577116486, 255.31134992173148], [355.0420123693945, 165.38885501151375], [266.25699494696585, 244.79069543113812]], "angles": [1.2535589365420734, 3.8487130588650476, 5.385726526910148, 1.5217493569224143, 2.2920339360573165, 6.042260834440573, 3.7911310447939743, 2.133373113121888, 1.8291826829538667, 3.3161993117400357, 4.18135712159638, 0.016331884180525044]}