{"pos": [[113.2345782788036, 99.30511330373444], [211.84397135708303, 81.95073257189858], [176.43745326638955, 145.1841769717505], [243.93697250404563, 179.18100969556582], [158.04979824205245, 21.998258085879197], [283.58079284648886, 112.02630086383581], [158.29739876636546, 27.568245639702646], [203.8263370104505, 32.04300603244742], [77.27606888209743, 145.704816203453], [48.72596242239152, 169.50723920332908], [19.881114775045894, 176.63590399977795], [155.3967918547044, 46.66397545902611]], "angles": [1.9553508229282324, 5.466779069531376, 0.6339507896430843, 2.898732696227727, 5.096084984318185, 0.7080940296661301, 1.3579048833811251, 0.03618596389298624, 3.167365151604208, 5.894986739722635, 0.670420263047611, 3.1386394380231892]}