{"pos": [[108.24321960517965, 176.4319284085204], [91.45038087862753, 96.84913479328127], [320.85803643740707, 119.64731174554998], [108.49612910235294, 39.65634058513154], [113.97193042190125, 138.34062786490634], [387.76974466469136, 244.84960130157245], [119.47040807141235, 116.14202067750928], [267.1771441581184, 257.7428800014559], [152.06955759409848, 141.0646302459042], [376.2213678700904, 92.7814523148614], [331.69146573052586, 267.861002070993], [94.04467843660703, 48.330209634979525]], "angles": [6.246580275579256, 3.3786533244690102, 1.475301064930197, 4.903034709630186, 5.068493547775596, 6.0933196580699525, 0.5632444421502248, 5.646865932487523, 0.510997533665756, 1.9722000117994662, 2.8510363092340945, 3.6392718607503616]}