{"pos": [[160.15638397742617, 69.47008216746946], [262.0070254440718, 152.89068947087424], [179.37373023185032, 123.19813322903197], [157.56538481903453, 81.11078550927913], [86.4960656681453, 42.374394693408114], [81.42331898308294, 114.46576719984245], [209.44941833585779, 97.66944828124998], [70.18261257798734, 130.30948358562563], [176.39932359376658, 201.0300751320487], [269.30367538333127, 149.09842898994873], [16.415387642749558, 223.97707134374747], [113.66083208133524, 162.27045230231138]], "angles": [0.8749953989276064, 2.6352293191716742, 2.7775857823482513, 5.510632555484574, 2.9204575796051304, 5.929845807450885, 4.4365193217718035, 1.968144592709132, 1.6889968109711668, 0.44405959266817985, 2.62273000094957, 0.38339894501815547]}