{"pos": [[195.21684324588549, 136.8901541798964], [84.92657962373237, 52.77006146843806], [183.76929015150316, 137.40283184277672], [270.8605392576144, 48.99416797499812], [149.1090771591829, 103.47086850805394], [232.00522959487748, 41.85122567168783], [200.0094885466201, 144.32065276928404], [202.44384229306786, 160.47048582044062], [168.74684015598356, 132.395806291824], [32.141464283147, 81.5774141182484], [132.81193301385204, 199.25016155219276], [228.44530946495323, 195.89187803158234]], "angles": [5.785072453286215, 3.532829424415893, 4.4017641486049826, 3.9396110600903094, 1.041433624578526, 5.777145431380021, 2.042635466126919, 1.9328547752678293, 0.613087430900892, 1.089089109023267, 3.5709220629467473, 0.16904590856159132]}