{"pos": [[237.86363712614346, 163.50475127128303], [59.3813040077926, 198.75196583610375], [78.19056171331496, 224.18416384721056], [206.81011209905608, 170.6708312934215], [45.35683704045091, 100.01740680486878], [226.16870231942212, 259.0600891720229], [72.12298183874822, 21.472518567954076], [48.49584751284848, 197.083589175002], [273.91615349566837, 183.65095893552797], [314.93110400125175, 118.18508446279874], [264.5331489606686, 156.9967348151539], [354.51453721766563, 130.6478945000345]], "angles": [5.414128385159218, 1.0153345080773808, 0.7072523748216494, 0.5978629998521862, 1.3099141734861748, 0.6341250169413536, 5.825457498359047, 1.2238297035668533, 0.7664099906352918, 4.080999876684388, 6.234203394117144, 1.6684147072561848]}