{"pos": [[129.0747211103511, 170.07975874236212], [269.6520462933104, 127.598424449603], [204.48855400661003, 178.97529372583026], [281.4190787434494, 145.8468625420914], [248.7993923717315, 79.36387880908978], [30.61945245200523, 60.29884364429508], [76.1600083077316, 145.27216873893207], [31.65465639288346, 145.1472596026457], [295.1937877629121, 130.1128817096915], [130.97152681722355, 22.93578832207885], [242.5813504923237, 191.92755364892065], [196.25412704162076, 171.20715474349873]], "angles": [3.705075251191686, 0.3150107278342106, 3.804637590392164, 5.323111328912977, 4.696570134299997, 3.8139393350929396, 3.434908944192687, 5.670318072472477, 5.199938006057133, 3.469176865900525, 0.47005749134949687, 5.45315091634821]}