{"pos": [[194.74393653811552, 209.91851964576813], [126.22424739087386, 169.33452780756875], [49.483482812286056, 75.97529058559381], [95.90659369346095, 153.7271252282737], [205.97177121795454, 150.19826302771284], [258.1952890957051, 133.84303789225237], [171.77762404271812, 98.7472402944891], [198.20422516737912, 248.89485036849973], [271.6650132519799, 185.96585485287312], [405.6673314461347, 31.08866098840226], [268.7368050118104, 150.75621470108962], [119.77424657384208, 150.062442452675]], "angles": [3.8081801526160945, 3.0068990253325185, 1.2577880062234041, 0.26697389991568493, 1.0407775638080716, 1.8614315375350032, 2.7520725827480335, 5.531104861565748, 3.487311295157513, 1.4587045061269246, 5.099929830227339, 4.714052818134818]}