{"pos": [[232.0149198047267, 118.42739557815503], [110.77749449852276, 63.167754761725945], [54.90784134339347, 121.9681988221819], [31.343266606558494, 214.66867849862868], [234.38682668085434, 176.81972478133662], [140.8293312692478, 219.5890693923909], [178.2328636970183, 153.9889081863918], [287.8440927023836, 45.343446077881666], [36.531820216457916, 151.73278365364118], [252.98676825237354, 161.60783994865025], [54.43986262966247, 143.97171008649784], [241.53046834769654, 170.51054066470076]], "angles": [4.674850212251984, 1.9454788585731577, 1.1038302529966886, 6.038126490660211, 6.187620211570199, 5.68132755628624, 3.2040228160124364, 2.8248704204092436, 4.837476927266651, 4.8712034390429455, 5.676260901026755, 1.9263625309382164]}