{"pos": [[256.8612919812416, 170.72099679197382], [118.04301811785587, 241.22487214464272], [354.0067448111945, 148.22553936097717], [383.91518148673197, 35.94483847059344], [363.5057039435718, 26.47668701504822], [43.07863330179639, 21.3340645701365], [249.21486338352287, 186.1703145479979], [273.94695779075636, 190.74279139970474], [169.03035277106983, 146.17543718275041], [385.0913606589674, 161.81149123109955], [250.85501194820867, 120.16204410965547], [251.8344487327784, 157.6661919594437]], "angles": [3.4415673321923324, 1.8531604546920029, 2.006092581726713, 0.6677156125506412, 0.695356931657044, 3.340391882544424, 1.3525431772965995, 4.8115932106646335, 2.200406395586457, 3.99396097316072, 2.7795130224802906, 1.150561169872402]}